{
    "epoch": 3.0,
    "eval_accuracy": 0.025,
    "eval_loss": 8.654293060302734,
    "eval_runtime": 0.7939,
    "eval_samples": 21,
    "eval_samples_per_second": 26.452,
    "eval_steps_per_second": 3.779,
    "perplexity": 5734.713433449494,
    "train_loss": 9.087151943108974,
    "train_runtime": 60.3466,
    "train_samples": 204,
    "train_samples_per_second": 10.141,
    "train_steps_per_second": 1.293
}