{
    "epoch": 3.0,
    "eval_accuracy": 0.025,
    "eval_loss": 8.654293060302734,
    "eval_runtime": 0.7939,
    "eval_samples": 21,
    "eval_samples_per_second": 26.452,
    "eval_steps_per_second": 3.779,
    "perplexity": 5734.713433449494
}